Name,Slug,Collection ID,Locale ID,Item ID,Archived,Draft,Created On,Updated On,Published On,Icon,Image,Short Description,Rich Text,Link,About
AOD as the Engine,aod-as-the-engine,6981bc63d15449fd5f2c2a48,6981bc63d15449fd5f2c2916,6981bc63d15449fd5f2c2b63,false,false,Tue Dec 16 2025 10:57:40 GMT+0000 (Coordinated Universal Time),Wed Dec 17 2025 15:34:16 GMT+0000 (Coordinated Universal Time),,https://cdn.prod.website-files.com/6981bc63d15449fd5f2c293d/6981bc63d15449fd5f2c2b0e_icon-18.svg,,At the centre is the Agency Opportunity Dashboard.,"<p>Each participating agency has its own AOD instance. It acts as an engine that continually surfaces where fundamentals are holding up and where they are slipping across the agency’s chosen client sites. This supports retention conversations, clearer mid-engagement reviews, and gives agencies stronger evidence in new business discussions.</p><p>Signals from AiSC feed into the AOD so account teams can see, in one place, where client conversations are most justified. Which sites are losing ground. Which clients appear more exposed. Where there is a clear basis for additional support, advisory work, or targeted projects.</p><p>Instead of relying on scattered updates from individual accounts, agencies can use the AOD in regular internal reviews as a structured view of opportunity and risk across their portfolio, and as a prompt for timely, relevant contact with clients.</p>",,aod---ai-for-agency-growth
Advocacy,advocacy,6981bc63d15449fd5f2c2a48,6981bc63d15449fd5f2c2916,6981bc63d15449fd5f2c2b77,false,false,Wed Dec 17 2025 14:53:34 GMT+0000 (Coordinated Universal Time),Tue Jan 13 2026 15:42:09 GMT+0000 (Coordinated Universal Time),,https://cdn.prod.website-files.com/6981bc63d15449fd5f2c293d/6981bc63d15449fd5f2c2b1c_icon-33.svg,,Consistent results make it easy for clients to explain the relationship and recommend the agency.,"<p>Advocacy develops when clients can describe the relationship using clear, repeatable evidence. Over time, the summaries build a record that shows how issues have been surfaced, prioritised, and addressed. This record is easy to share with colleagues and leadership. It provides a straightforward explanation of the value the agency delivers.</p><p>Because the information is simple to interpret, clients do not need to rely on subjective statements. They can point to specific reports that illustrate progress and stability. This makes it easier to justify ongoing spend and to introduce the agency to other teams or departments.</p><p>Advocacy also appears in how often the agency is invited into new discussions. When fundamentals are clearly monitored and understood, the agency becomes a natural partner for future plans. Their reputation is based on consistent control and steady progress, not occasional success or unpredictable cycles of issue resolution.</p><p>Clients who feel informed and supported become natural promoters of the relationship, helping the agency gain visibility inside and outside the organisation.</p><p>‍</p><blockquote><em>“Consistent results make the agency easy to explain and recommend.” </em><br></blockquote><p>Using; ASSURANCE</p>",,lifecycle-alignment
Agency Dashboard,agency-dahsboard-example,6981bc63d15449fd5f2c2a48,6981bc63d15449fd5f2c2916,6981bc63d15449fd5f2c2b65,false,false,Tue Dec 16 2025 15:27:34 GMT+0000 (Coordinated Universal Time),Tue Jan 13 2026 15:37:11 GMT+0000 (Coordinated Universal Time),,https://cdn.prod.website-files.com/6981bc63d15449fd5f2c293d/6981bc63d15449fd5f2c2ac5_icon-05.svg,,,,,aod---ai-for-agency-growth
Agency Login,agency-login,6981bc63d15449fd5f2c2a48,6981bc63d15449fd5f2c2916,6981bc63d15449fd5f2c2b64,false,false,Tue Dec 16 2025 10:58:24 GMT+0000 (Coordinated Universal Time),Tue Dec 30 2025 11:11:40 GMT+0000 (Coordinated Universal Time),,https://cdn.prod.website-files.com/6981bc63d15449fd5f2c293d/6981bc63d15449fd5f2c2b0a_icon-14.svg,,Secure access to your growth engine.,"<p>/CONFIRM now.</p><p>Ahead of a pitch, using for 1-2-1 marketing, or to support a specific campaign INSIGHT provides evidence that sets you apart in discussions. &nbsp;Investing in sales support, marketing for far less than generic reach outs.</p><p>‍</p><figure class=""w-richtext-figure-type-image w-richtext-align-fullwidth"" style=""max-width:1100px"" data-rt-type=""image"" data-rt-align=""fullwidth"" data-rt-max-width=""1100px""><div><img src=""https://cdn.prod.website-files.com/6981bc63d15449fd5f2c293d/6981bc63d15449fd5f2c2b09_aisc_agency-login.png"" loading=""lazy"" alt=""__wf_reserved_inherit""></div></figure>",,aod---ai-for-agency-growth
Awareness,awareness,6981bc63d15449fd5f2c2a48,6981bc63d15449fd5f2c2916,6981bc63d15449fd5f2c2b72,false,false,Wed Dec 17 2025 14:48:59 GMT+0000 (Coordinated Universal Time),Tue Jan 13 2026 15:37:41 GMT+0000 (Coordinated Universal Time),,https://cdn.prod.website-files.com/6981bc63d15449fd5f2c293d/6981bc63d15449fd5f2c2b15_icon-29.svg,,Evidence helps agencies start conversations with substance and stand out from generic competitors.,"<p>Awareness is when a prospect first notices the agency. Instead of relying on broad claims or creative showcases, the agency introduces evidence drawn from measured fundamentals. Using high level results created through the platform, agencies highlight where sectors or specific organisations may be underperforming. This changes the starting point. Prospects see something concrete, not a general opinion about digital practice.</p><p>Agencies can use individual site summaries for direct outreach, or aggregate sector results for broader campaigns and PR. These outputs highlight where value is slipping or where unnecessary risk is increasing. Because the information is structured and repeatable, it supports email contact, webinars, content marketing, and targeted approaches without adding complexity.</p><p>Awareness becomes stronger because the first interaction carries relevance. A prospect can see that the agency understands the landscape and can speak about fundamentals using measured results. That creates a natural reason for a conversation. The agency is positioned as practical, informed, and focused on improving the prospect’s situation rather than making generic introductory claims.</p><p>‍</p><blockquote><em>“Evidence creates interest and helps agencies cut through noise.” </em><br></blockquote><p>Using; INSIGHT</p>",,lifecycle-alignment
Brand Promise,brand-promise,6981bc63d15449fd5f2c2a48,6981bc63d15449fd5f2c2916,6981bc63d15449fd5f2c2b79,false,false,Wed Dec 17 2025 17:13:45 GMT+0000 (Coordinated Universal Time),Tue Jan 13 2026 15:42:37 GMT+0000 (Coordinated Universal Time),,https://cdn.prod.website-files.com/6981bc63d15449fd5f2c293d/6981bc63d15449fd5f2c2b13_icon-40.svg,,‍We create better digital experiences for users and give content owners the confidence that their content is truly ready.,"<p>Our tools support the entire content lifecycle - helping teams manage digital content quality from visibility to action.<br>Users benefit from content that is accessible, usable, and purposeful. Owners gain clarity, control, and assurance that what they publish is ready to deliver value and is in full compliance.</p>",,about-us
Buyer perception,buyer-perception,6981bc63d15449fd5f2c2a48,6981bc63d15449fd5f2c2916,6981bc63d15449fd5f2c2b57,false,false,Tue Dec 09 2025 14:53:18 GMT+0000 (Coordinated Universal Time),Tue Dec 16 2025 15:09:05 GMT+0000 (Coordinated Universal Time),,https://cdn.prod.website-files.com/6981bc63d15449fd5f2c293d/6981bc63d15449fd5f2c2b0b_icon-08.svg,,Rose tinted glasses hinder clarity.,"<p>Have we now reached a point where many agencies appear similar? Pitches, websites, and case studies often blur together, making it harder for clients to see meaningful differences. </p><p>At the same time, post-launch visibility has become a weak point. Clients do not always know how their website is performing or where unnecessary risk is emerging, so they bring in tools and advisors to answer those questions, which shifts attention and budget away from the agency.</p><p>We believe this creates both a challenge and an opportunity. The challenge is increased noise and competitive pressure. The opportunity is providing clients with evidence that is structured, consistent, and commercially relevant. </p><p>Agencies that can do this gain a more stable position in accounts and a clearer advantage when competing for new work.</p>",,aisc
Engagement,engagement,6981bc63d15449fd5f2c2a48,6981bc63d15449fd5f2c2916,6981bc63d15449fd5f2c2b73,false,false,Wed Dec 17 2025 14:50:58 GMT+0000 (Coordinated Universal Time),Tue Jan 13 2026 15:40:14 GMT+0000 (Coordinated Universal Time),,https://cdn.prod.website-files.com/6981bc63d15449fd5f2c293d/6981bc63d15449fd5f2c2ac9_icon-16.svg,,Clear results give agencies a shared reference point to discuss a prospect’s current situation.,"<p>Engagement is when interest becomes a detailed conversation. The agency presents a factual view of where the prospect stands today, based on summaries of Value and Risk across the fundamentals. This creates a shared foundation for discussion. The agency is not relying on assumptions. It is showing the prospect a structured way to understand their current position.</p><p>Depending on the opportunity, this may involve a single site or a small group of sites. For larger proposals, the agency can explain how this view will continue each month once work begins. The prospect sees both the starting point and the practical method the agency uses to maintain visibility over time.</p><p>This approach reduces uncertainty. Senior stakeholders do not have to interpret technical reports. They see a consistent framework that highlights areas performing well and areas that need attention. Engagement becomes focused and grounded in evidence rather than subjective assessments. The agency demonstrates how it will create clarity from day one and maintain that clarity across the relationship.</p><p>‍</p><blockquote><em>“Clear results give both sides a shared starting point for discussion.” </em><br></blockquote><p>Using; INSIGHT / ASSURANCE</p>",,lifecycle-alignment
Future value,future-value,6981bc63d15449fd5f2c2a48,6981bc63d15449fd5f2c2916,6981bc63d15449fd5f2c2b60,false,false,Tue Dec 16 2025 09:29:09 GMT+0000 (Coordinated Universal Time),Wed Dec 17 2025 15:37:56 GMT+0000 (Coordinated Universal Time),,https://cdn.prod.website-files.com/6981bc63d15449fd5f2c293d/6981bc63d15449fd5f2c2b0d_icon-02.svg,,Who builds strength as Ai reshapes markets.,"<p>As Ai accelerates, the winners will be businesses that bring structure and clarity to complex environments. Advantage will come from knowing where things stand, protecting what matters, and using automation without creating unnecessary risk.</p><p>Many tools promise speed. Few build confidence. The strongest models will be technical, durable, and unglamorous. They sit inside critical operations, deliver repeatable outcomes, and retain control of their intellectual property.</p><p>AiSC fits this pattern. It lives where technical depth meets ongoing operational need. It removes friction, sharpens visibility, and protects value over time.</p><figure class=""w-richtext-figure-type-image w-richtext-align-fullwidth"" style=""max-width:1920px"" data-rt-type=""image"" data-rt-align=""fullwidth"" data-rt-max-width=""1920px""><div><img src=""https://cdn.prod.website-files.com/680f3b3c5ab70b9ea5af685a/694139ecd0faac205a9d29d0_aisc_img_future-value.png"" loading=""lazy"" alt=""__wf_reserved_inherit"" width=""auto"" height=""auto""></div></figure><p>‍</p><figure class=""w-richtext-figure-type-video w-richtext-align-fullwidth"" style=""padding-bottom:56.206088992974244%"" data-rt-type=""video"" data-rt-align=""fullwidth"" data-rt-max-width="""" data-rt-max-height=""56.206088992974244%"" data-rt-dimensions=""854:480"" data-page-url=""https://www.youtube.com/watch?v=hbGaRAabVeQ""><div><iframe allowfullscreen=""true"" frameborder=""0"" scrolling=""no"" src=""https://www.youtube.com/embed/hbGaRAabVeQ"" title=""4 Industries About to Boom Thanks to AI""></iframe></div></figure><p>‍</p>",,aisc
Growth,growth,6981bc63d15449fd5f2c2a48,6981bc63d15449fd5f2c2916,6981bc63d15449fd5f2c2b76,false,false,Wed Dec 17 2025 14:52:58 GMT+0000 (Coordinated Universal Time),Tue Jan 13 2026 15:41:56 GMT+0000 (Coordinated Universal Time),,https://cdn.prod.website-files.com/6981bc63d15449fd5f2c293d/6981bc63d15449fd5f2c2b1b_icon-18.svg,,Visible patterns highlight practical opportunities to expand work and deepen existing account value.,"<p>Growth emerges when patterns in the summaries reveal areas where focused work will make a measurable difference. Repeated issues, stalled improvements, or gaps between sites provide a clear basis for new proposals. The agency is not making speculative suggestions. It is referring to information the client already sees each month.</p><p>This reduces the effort required to justify new work. Clients understand the relevance because they have already discussed the underlying issues. The conversation becomes about scope, sequencing, and priorities, not about convincing the client that a problem exists.</p><p>Growth also includes revenue that now remains inside the agency. Oversight and related content work are less likely to drift to external suppliers or unmanaged internal effort. As more sites or teams adopt the model, the structure scales without significant additional burden.</p><p>The result is a broader, more stable relationship. The agency gains deeper involvement across the digital estate and provides support that aligns directly with measured needs. Growth becomes a natural extension of the consistency already in place, not a separate sales activity.</p><p>‍</p><blockquote><em>“Patterns highlight practical opportunities to expand work already underway.” </em><br></blockquote><p>Using; INSIGHT / REMEDIATION </p>",,lifecycle-alignment
Leaving Money on the Table,leaving-money-on-the-table,6981bc63d15449fd5f2c2a48,6981bc63d15449fd5f2c2916,6981bc63d15449fd5f2c2b58,false,false,Tue Dec 09 2025 15:18:00 GMT+0000 (Coordinated Universal Time),Tue Jan 13 2026 15:36:42 GMT+0000 (Coordinated Universal Time),,https://cdn.prod.website-files.com/6981bc63d15449fd5f2c293d/6981bc63d15449fd5f2c2b14_icon-12.svg,,"Client retention, growing revenue.","<p>Agencies operate in a market where it is difficult to stand out. Competitors sound similar, creating noise that makes lead generation and pitch differentiation harder. Even strong agencies can struggle to show how they add value in a way clients immediately understand.</p><p>After a site goes live, another challenge appears. Clients still need clarity on what is happening across their website, yet agencies are not always asked to provide this in a structured, ongoing way. Without that clarity, clients often turn to third party tools or external advisors to understand where things stand. These tools highlight issues in isolation, create conflicting narratives, and shift attention away from the agency.</p><p>This combination leaves money on the table. Clients divert budget into tools and suppliers that sit between them and the agency. Opportunities for support or improvement are missed or delayed. Instead of forward-looking conversations, time is spent managing opinions, dealing with confusion, and trying to re-establish control.</p><p>In a crowded market, the agency loses both revenue and a clear point of difference at the moment where clarity should strengthen the relationship.</p>",,aisc
Our Answer,our-answer,6981bc63d15449fd5f2c2a48,6981bc63d15449fd5f2c2916,6981bc63d15449fd5f2c2b7c,false,false,Wed Dec 17 2025 17:15:02 GMT+0000 (Coordinated Universal Time),Tue Jan 13 2026 15:38:55 GMT+0000 (Coordinated Universal Time),,https://cdn.prod.website-files.com/6981bc63d15449fd5f2c293d/6981bc63d15449fd5f2c2b18_icon-13.svg,,‍Compliance Complexity. Managed with AI.,"<p>AAAnow leverages AI-driven automation to transform compliance adherence. Our technology-first approach reduces risks, lowers costs, and drives results, enabling you to focus on priorities such as Lead Generation and improving the user experience rather than compliance distractions. Our platform continuously monitors, remediates, and supports digital compliance, making it seamless and sustainable across your entire estate.</p>",,about-us
Our Mission,our-mission,6981bc63d15449fd5f2c2a48,6981bc63d15449fd5f2c2916,6981bc63d15449fd5f2c2b81,false,false,Wed Dec 17 2025 17:17:00 GMT+0000 (Coordinated Universal Time),Tue Jan 13 2026 15:34:14 GMT+0000 (Coordinated Universal Time),,https://cdn.prod.website-files.com/6981bc63d15449fd5f2c293d/6981bc63d15449fd5f2c2b12_icon-01.svg,,"Google made the web searchable, we will make it error free and inclusive.","<p>Google made the web searchable, we will make it error free and inclusive.</p>",,about-us
Our Principles,our-principles,6981bc63d15449fd5f2c2a48,6981bc63d15449fd5f2c2916,6981bc63d15449fd5f2c2b80,false,false,Wed Dec 17 2025 17:16:40 GMT+0000 (Coordinated Universal Time),Tue Jan 13 2026 15:35:33 GMT+0000 (Coordinated Universal Time),,https://cdn.prod.website-files.com/6981bc63d15449fd5f2c293d/6981bc63d15449fd5f2c2ac6_icon-39.svg,,Helping achieve our broader aim of everyone having the best possible digital experience.,"<p>To ensure everyone can measure and deliver content that meets high standards, helping achieve our broader aim of everyone having the best possible digital experience.</p>",,about-us
Our Proposition,our-proposition,6981bc63d15449fd5f2c2a48,6981bc63d15449fd5f2c2916,6981bc63d15449fd5f2c2b7a,false,false,Wed Dec 17 2025 17:14:25 GMT+0000 (Coordinated Universal Time),Tue Jan 13 2026 15:39:34 GMT+0000 (Coordinated Universal Time),,https://cdn.prod.website-files.com/6981bc63d15449fd5f2c293d/6981bc63d15449fd5f2c2b19_icon-10.svg,,"‍Our global infrastructure supports thousands of users across multiple regions, delivering compliance automation at scale with built-in resilience and failover.","<p>The platform is designed for ease of use, requiring minimal training or support and is backed by a 24/7 partner network that ensures continuous coverage. Whether you’re a global enterprise or a local team, AAAnow is ready to scale with you.</p><p>‍</p><h3>Three products. One joined-up approach.</h3><p>AAAnow offers a suite of tools that work together to support the management of digital compliance - from visibility to action.<br>‍<strong>‍</strong></p><h5><strong>AiSC</strong>: The technology for digital content rating</h5><p>AiSC independently benchmarks digital content against six digital fundamentals: Accessibility, Privacy, Experience, Search, Integrity, and Compliance.<br>It replaces guesswork with objective clarity, helping leaders see where they stand, focus effort where it counts, and track progress at scale.<strong>‍</strong></p><h5>‍<br>‍<strong>AiSM</strong>: The technology for digital content diagnostics</h5><p>AiSM provides deep diagnostic insight, highlighting root causes of issues across SEO, cookies, and other critical compliance and performance areas.<br>It’s a precision tool that helps web teams act faster, reduce exposure, and resolve problems before they escalate.</p><h5><strong><br>AiCM</strong>: The technology for digital content resolution</h5><p>AiCM automatically finds and fixes broken, outdated, or non-compliant content. It also enables users to tailor their individual experience through accessible front-end overlays.<br>It delivers content that’s accurate, inclusive by design, and easier to manage – quickly and at scale.</p><p><br>Each tool solves a different part of the problem - but they work best when combined. Together, they close the loop - providing clarity, priority, and measurable progress across your digital estate. This end-to-end capability moves from diagnosis to resolution.</p>",,about-us
Our Value,our-value,6981bc63d15449fd5f2c2a48,6981bc63d15449fd5f2c2916,6981bc63d15449fd5f2c2b7b,false,false,Wed Dec 17 2025 17:14:44 GMT+0000 (Coordinated Universal Time),Tue Jan 13 2026 15:39:23 GMT+0000 (Coordinated Universal Time),,https://cdn.prod.website-files.com/6981bc63d15449fd5f2c293d/6981bc63d15449fd5f2c2ac8_icon-26.svg,,"We help teams measure, compare, and improve the quality of digital content.","<p><strong>‍</strong>Our value lies in providing the tools, insight, and automation needed to effectively manage compliance complexity with AI-driven automation.<br>‍<br>This helps teams reduce risks, lower costs, drive results, and enable Lead Generation, while freeing them to focus on priorities. Our approach delivers measurable progress at speed and scale, offers independent, objective insights, provides the data-driven confidence needed to act and report responsibly, and ultimately ensures content owners have the assurance that their content is truly ready, benefiting users with better digital experiences. <br><br>Executives gain confidence in their digital estate through clarity and independent verification, allowing them to make informed decisions with full oversight.</p>",,about-us
Purchase,purchase,6981bc63d15449fd5f2c2a48,6981bc63d15449fd5f2c2916,6981bc63d15449fd5f2c2b74,false,false,Wed Dec 17 2025 14:51:46 GMT+0000 (Coordinated Universal Time),Tue Jan 13 2026 15:40:27 GMT+0000 (Coordinated Universal Time),,https://cdn.prod.website-files.com/6981bc63d15449fd5f2c293d/6981bc63d15449fd5f2c2b1a_icon-11.svg,,Structured oversight removes client distraction and brings order and clarity to ongoing support work.,"<p>Purchase is the point where the working model is agreed. The agency positions structured oversight as part of its support approach, helping the client reduce the effort and distraction associated with monitoring content and fundamentals. Monthly summaries highlight where Value is improving, where Risk is rising, and where action is needed. These summaries are predictable, consistent, and easy to interpret.</p><p>Where deeper content work is required, the agency can provide a structured view of the actions involved. The client chooses whether to allocate this work internally or include it within the agency’s support package. Either way, the agency provides a clear and repeatable mechanism for understanding priorities.</p><p>This reduces the client’s manual checking and removes the uncertainty of ad hoc findings. The agency avoids leaving money on the table by incorporating oversight and action into the contract rather than allowing this work to drift elsewhere. </p><p>The relationship starts with clarity and sets expectations around how issues will be seen, communicated, and addressed. The client no longer carries the burden of chasing detail, and the agency maintains a more organised and predictable workflow</p><p>‍</p><blockquote><em>“Structured oversight removes distraction and brings order to support work.” </em><br></blockquote><p>Using; INSIGHT / REMEDIATION</p>",,lifecycle-alignment
Retention,retention,6981bc63d15449fd5f2c2a48,6981bc63d15449fd5f2c2916,6981bc63d15449fd5f2c2b75,false,false,Wed Dec 17 2025 14:52:19 GMT+0000 (Coordinated Universal Time),Tue Jan 13 2026 15:41:41 GMT+0000 (Coordinated Universal Time),,https://cdn.prod.website-files.com/6981bc63d15449fd5f2c293d/6981bc63d15449fd5f2c2b17_icon-07.svg,,"Regular reporting keeps progress visible, reduces surprises, and stabilises long term client relationships.","<p>Retention is driven by consistent, factual reporting that shows how fundamentals are being maintained. Each monthly summary presents a clear picture of the current position, highlighting improvements made and new issues emerging. This removes the uncertainty that often causes dissatisfaction, where clients only discover problems once they become visible or disruptive.</p><p>For agencies, these summaries create a stable rhythm for communication. Instead of waiting for issues to be raised, they contact clients with an update based on measured findings. Discussions become orderly and predictable. Priorities can be agreed quickly because both sides are working from the same reference point.</p><p>Retention also benefits internal efficiency. Automated oversight reduces manual work and frees team time for planning, explanation, and higher value support. The agency becomes easier to work with because surprises reduce and communication feels regular and reliable.</p><p>Clients remain confident because they see ongoing attention to fundamentals rather than reactive fire fighting. This stability avoids unnecessary churn and ensures that value stays within the relationship instead of leaking to external tools or unmanaged internal processes.</p><p>‍</p><blockquote><em>“Regular reporting keeps progress visible and reduces surprises.” </em><br></blockquote><p>Using; ASSURANCE</p>",,lifecycle-alignment
The Problem,the-problem,6981bc63d15449fd5f2c2a48,6981bc63d15449fd5f2c2916,6981bc63d15449fd5f2c2b7e,false,false,Wed Dec 17 2025 17:15:38 GMT+0000 (Coordinated Universal Time),Tue Jan 13 2026 15:38:07 GMT+0000 (Coordinated Universal Time),,https://cdn.prod.website-files.com/6981bc63d15449fd5f2c293d/6981bc63d15449fd5f2c2b16_icon-27.svg,,,,,about-us
The Vision,the-vision,6981bc63d15449fd5f2c2a48,6981bc63d15449fd5f2c2916,6981bc63d15449fd5f2c2b7f,false,false,Wed Dec 17 2025 17:16:01 GMT+0000 (Coordinated Universal Time),Tue Jan 13 2026 15:35:15 GMT+0000 (Coordinated Universal Time),,https://cdn.prod.website-files.com/6981bc63d15449fd5f2c293d/6981bc63d15449fd5f2c2b13_icon-40.svg,,"A world where digital compliance is seamless, scalable, and supports inclusion by default.","<p>A world where digital compliance is seamless, scalable, and supports inclusion by default.</p>",,about-us
What Actually Matters,what-actually-matters,6981bc63d15449fd5f2c2a48,6981bc63d15449fd5f2c2916,6981bc63d15449fd5f2c2b7d,false,false,Wed Dec 17 2025 17:15:22 GMT+0000 (Coordinated Universal Time),Tue Jan 13 2026 15:38:20 GMT+0000 (Coordinated Universal Time),,https://cdn.prod.website-files.com/6981bc63d15449fd5f2c293d/6981bc63d15449fd5f2c2b17_icon-07.svg,,What actually matters is ensuring digital content is ready to be online.,"<p>‍<strong>‍</strong>What actually matters is ensuring digital content is ready to be online, which involves demonstrating accountability, managing risk (reputational, legal, financial), and maximising value.<br>‍<br>It's about having evidence-based compliance and gaining confidence in your digital estate, leading to better oversight and clearer reporting for executives.</p><h3>The fundamentals</h3><p>Trying to deal with everything, on every page - not efficient, and certainly not practical (why fix something on a page no one looks etc - when on a key landing page there is a missing title?) &nbsp;- the key is to deal with what matters, what makes a difference; what we refer to as the fundamentals. </p><p> </p><h4>The fundamentals, the basis of AiSC reporting:</h4><ul><li>Experience</li><li>Accessibility</li><li>Carbon</li><li>Privacy</li><li>Integrity</li><li>Search (SEO)</li></ul>",,about-us
What this unlocks for agencies,what-this-unlocks-for-agencies,6981bc63d15449fd5f2c2a48,6981bc63d15449fd5f2c2916,6981bc63d15449fd5f2c2b5d,false,false,Tue Dec 16 2025 08:59:21 GMT+0000 (Coordinated Universal Time),Wed Dec 17 2025 15:17:44 GMT+0000 (Coordinated Universal Time),,https://cdn.prod.website-files.com/6981bc63d15449fd5f2c293d/6981bc63d15449fd5f2c2acb_icon-19.svg,,This combination unlocks three practical outcomes for agencies. ,"<p>AiSC introduces a new layer of intelligence that opens doors, improves retention, and expands accounts through evidence framed in terms clients can connect directly to outcomes.</p><p>‍</p><p><strong>First</strong>, </p><p><em>it helps protect existing revenue. </em></p><p>When the agency provides structured, continuous evidence, clients have fewer reasons to bring in tools that position themselves as the primary source of insight and compete for service work. </p><p>This reduces the time and cost clients spend managing extra suppliers and helps the agency hold its place as the main digital partner.</p><p>‍</p><p><strong>Second</strong>, </p><p><em>it creates more targeted growth. </em></p><p>The AOD highlights where there is money left on the table in existing accounts. </p><p>Account teams can approach clients with specific, evidence backed conversations rather than broad upsell attempts. </p><p>This supports more billable days, stronger retainers, and longer contracts, grounded in identified need and visible opportunity, and strengthens the agency’s narrative in new business..</p><p>‍</p><p><strong>Third</strong>, </p><p><em>it offers a clearer point of difference. </em></p><p>Agencies can show they are using AI driven, disruptive innovation in a way that is efficient and commercially useful. </p><p>They bring a layer of intelligence into pitches and reviews that helps them stand out in a crowded market and supports a shift from chasing new pitches to growing existing relationships.</p>",,aisc
What’s different – why AiSC?,whats-different---why-aisc,6981bc63d15449fd5f2c2a48,6981bc63d15449fd5f2c2916,6981bc63d15449fd5f2c2b5b,false,false,Tue Dec 16 2025 08:58:19 GMT+0000 (Coordinated Universal Time),Tue Jan 13 2026 15:36:53 GMT+0000 (Coordinated Universal Time),,https://cdn.prod.website-files.com/6981bc63d15449fd5f2c293d/6981bc63d15449fd5f2c2ac7_icon-06.svg,,"It’s about positive use of innovation, disruptive in a meaningful way.","<p>We focus on giving commercial teams clear evidence. Our Ai is the advantage they can use from the first conversation.</p><p>This gives CEOs, BD, and account teams something clear and factual to lead with, so they can talk about value, risk, and opportunity without waiting for a technical audit or a one off report. Technology supports the conversation rather than complicating it.</p><p>AiSC applies Ai and automation to the parts of digital operations that have been hard to monitor in a structured way. It looks at what is happening across sites over time and frames the results in terms that support client decisions, revenue protection, and account growth. This makes it easier for commercial teams to see where to engage, which clients to prioritise, and what to put on the agenda next.</p><p>This is where the disruption sits. Instead of technical teams being brought in at the end to explain problems, commercial teams can open doors with clear evidence, then bring specialists in when action is needed. The result is a more efficient, helpful way of working, where technology quietly does the heavy lifting in the background and the agency can concentrate on relationships, advice, and delivery.</p>",,aisc
Why this exists,why-this-exists,6981bc63d15449fd5f2c2a48,6981bc63d15449fd5f2c2916,6981bc63d15449fd5f2c2b5c,false,false,Tue Dec 16 2025 08:58:41 GMT+0000 (Coordinated Universal Time),Wed Dec 17 2025 15:17:32 GMT+0000 (Coordinated Universal Time),,https://cdn.prod.website-files.com/6981bc63d15449fd5f2c293d/6981bc63d15449fd5f2c2b0c_icon-10.svg,,The gap in how many agencies stay involved after launch.,"<p>Agencies focus on winning projects, delivering builds, and running campaigns. Their role once a site is live is often less structured, with retainers framed around hours and tasks rather than a clear, ongoing responsibility for how the site is performing or where unnecessary risk is emerging. This makes it harder to show continuing value in reviews and new business conversations.</p><p>At the same time, client websites keep growing. Content, search behavior, accessibility expectations, privacy rules, and Ai driven discovery change faster than traditional reporting cycles. Clients still need clarity. When the agency does not provide it in a structured way, clients look elsewhere and start relying on tools or external advisors, which can dilute the agency’s position at several points in the lifecycle.</p><p>AiSC is designed to support agencies with a more consistent, commercially framed view of what is happening across client sites, so their post-launch role has clear purpose.</p>",,aisc
Worldview,worldview,6981bc63d15449fd5f2c2a48,6981bc63d15449fd5f2c2916,6981bc63d15449fd5f2c2b5f,false,false,Tue Dec 16 2025 09:28:36 GMT+0000 (Coordinated Universal Time),Tue Dec 30 2025 11:11:04 GMT+0000 (Coordinated Universal Time),,https://cdn.prod.website-files.com/6981bc63d15449fd5f2c293d/6981bc63d15449fd5f2c2b0f_icon-07.svg,,"Why agencies, why AiSC, the reason for a growth engine.","<p>We believe agencies create the most value when they can work with evidence that supports their advice, their creativity, and their ongoing role after a site goes live. Strong work alone can be overlooked in a noisy market, and clients want straightforward understanding of how their website is supporting or undermining their goals. Account teams want structure. Leaders want to know where value is improving or slipping.We see a digital landscape that moves faster than clients can track, and where the tools they buy often create confusion rather than confidence. In this environment, agencies need steady, factual, commercially framed evidence to anchor conversations, avoid unnecessary noise, and show the part they play in protecting and strengthening value.</p>",,aisc
